{
  "train_text_stats": {
    "num_documents": 63704,
    "char_length": {
      "mean": 2980.5461980409395,
      "median": 2359.0,
      "std": 2830.8638327476247,
      "min": 55,
      "max": 133165,
      "percentiles": {
        "25": 2040.0,
        "50": 2359.0,
        "75": 3179.0,
        "90": 3880.0,
        "95": 5873.0,
        "99": 14553.520000000019
      }
    },
    "word_count": {
      "mean": 643.1974130352883,
      "median": 505.0,
      "std": 629.7194838442981,
      "min": 11,
      "max": 30298
    }
  },
  "val_text_stats": {
    "num_documents": 7963,
    "char_length": {
      "mean": 2939.665578299636,
      "median": 2358.0,
      "std": 2574.928835356415,
      "min": 40,
      "max": 76752,
      "percentiles": {
        "25": 2039.0,
        "50": 2358.0,
        "75": 3178.0,
        "90": 3884.0,
        "95": 5603.199999999997,
        "99": 14438.920000000015
      }
    },
    "word_count": {
      "mean": 633.4400351626272,
      "median": 507.0,
      "std": 570.0293785560772,
      "min": 8,
      "max": 16923
    }
  },
  "train_ner_stats": {
    "total_entities": 2776299,
    "unique_entity_types": 10,
    "entity_type_distribution": {
      "TML_CASE": 149610,
      "CV_LAW": 1083609,
      "TML_JUDGMENT": 123660,
      "TML_PROVISION": 406240,
      "OGG_LAW": 300117,
      "TML_PROCEDURAL_ACTS": 167990,
      "TML_PARTY": 376201,
      "TML_LITIGATION": 132784,
      "CV_TAX": 25992,
      "EV_OTHERS": 10096
    },
    "entities_per_document": {
      "mean": 43.581235087278664,
      "median": 31.0,
      "std": 54.644487590173085,
      "min": 0,
      "max": 2117
    }
  },
  "train_category_stats": {
    "unique_categories": 23,
    "category_distribution": {
      "환경/교통법": 318,
      "상사법등": 8875,
      "조세/세법": 805,
      "민사소송법": 3641,
      "지적재산권법": 2560,
      "형법/형사소송법등": 9362,
      "해사/해상/해상운송/해상보험법": 554,
      "행정법": 7617,
      "헌법": 9731,
      "의료/보건법": 989,
      "노동법등": 586,
      "법학일반": 3387,
      "경제법": 1218,
      "지방자치법": 321,
      "교육법": 122,
      "토지/부동산/주택/농지법": 1033,
      "인권/국제인권법": 9,
      "친족/상속법": 554,
      "국제법(사법)": 1016,
      "소비자/보호법": 435,
      "중재법": 6,
      "민법일반": 10315,
      "국제법(공법)": 250
    },
    "category_percentages": {
      "환경/교통법": 0.4991837247268618,
      "상사법등": 13.931621248273263,
      "조세/세법": 1.2636569132236593,
      "민사소송법": 5.715496672108502,
      "지적재산권법": 4.018585960065302,
      "형법/형사소송법등": 14.69609443677006,
      "해사/해상/해상운송/해상보험법": 0.8696471179203817,
      "행정법": 11.956862991334924,
      "헌법": 15.275335928670101,
      "의료/보건법": 1.552492779103353,
      "노동법등": 0.9198794424211981,
      "법학일반": 5.316777596383273,
      "경제법": 1.9119678513123195,
      "지방자치법": 0.5038930051488133,
      "교육법": 0.19151073715936207,
      "토지/부동산/주택/농지법": 1.6215622252919752,
      "인권/국제인권법": 0.014127841265854578,
      "친족/상속법": 0.8696471179203817,
      "국제법(사법)": 1.5948763029009168,
      "소비자/보호법": 0.6828456611829712,
      "중재법": 0.009418560843903051,
      "민법일반": 16.192075850809996,
      "국제법(공법)": 0.39244003516262715
    }
  },
  "train_keyword_stats": {
    "total_keywords": 311379,
    "unique_keywords": 80332,
    "top_keywords": {
      "대법원": 9432,
      "헌법": 8539,
      "민법": 4390,
      "상법": 3003,
      "소유권": 2408,
      "형법": 2280,
      "기본권": 2131,
      "지방자치단체": 1800,
      "국회": 1728,
      "헌법재판소": 1719,
      "재산권": 1228,
      "자본시장법": 1204,
      "의회": 1099,
      "금융위원회": 1077,
      "손해배상책임": 1066,
      "행정소송": 1042,
      "헌법소원": 1018,
      "행정처분": 964,
      "저당권": 915,
      "의결권": 902,
      "기각": 897,
      "특허법": 849,
      "변론": 822,
      "형사소송법": 777,
      "특허권": 742,
      "민사소송": 724,
      "민사소송법": 671,
      "원심판결을 파기": 659,
      "소멸시효": 609,
      "손해배상청구": 578,
      "부작위": 553,
      "이전등기": 543,
      "공정거래위원회": 538,
      "의료법": 530,
      "심판청구": 525,
      "법원": 518,
      "유가증권": 504,
      "취소소송": 500,
      "평등권": 474,
      "행정소송법": 460,
      "지방법원": 447,
      "전원합의체": 444,
      "재량권": 439,
      "행정절차법": 433,
      "배임죄": 416,
      "소를 제기": 415,
      "형사소송": 407,
      "청구인": 405,
      "항고소송": 400,
      "신의칙": 400
    },
    "keywords_per_document": {
      "mean": 4.8879034283561476,
      "median": 5.0,
      "std": 0.5527055823156611
    }
  },
  "train_date_stats": {
    "total_with_dates": 63704,
    "year_distribution": {
      "1987": 15,
      "2000": 17,
      "2003": 286,
      "2004": 17,
      "2006": 116,
      "2007": 176,
      "2008": 276,
      "2009": 1013,
      "2010": 630,
      "2011": 1939,
      "2012": 1749,
      "2013": 1644,
      "2014": 3141,
      "2015": 1253,
      "2016": 1590,
      "2017": 2324,
      "2018": 4277,
      "2019": 5437,
      "2020": 9418,
      "2021": 15360,
      "2022": 13026
    },
    "year_range": {
      "min": 1987,
      "max": 2022
    }
  }
}